"","Location","date","keyword","hits","ratio","year","month","day"
"1","US","2016-01-01","School Bullying",31,1,2016,1,1
"2","US","2016-03-01","School Bullying",39,1,2016,3,1
"3","US","2016-07-01","School Bullying",16,1,2016,7,1
"4","US","2016-09-01","School Bullying",33,1,2016,9,1
"5","US","2017-01-01","School Bullying",33,1,2017,1,1
"6","US","2017-03-01","School Bullying",35,1,2017,3,1
"7","US","2017-07-01","School Bullying",18,1,2017,7,1
"8","US","2017-09-01","School Bullying",32,1,2017,9,1
"9","US","2018-01-01","School Bullying",37,1,2018,1,1
"10","US","2018-03-01","School Bullying",48,1,2018,3,1
"11","US","2018-07-01","School Bullying",16,1,2018,7,1
"12","US","2018-09-01","School Bullying",32,1,2018,9,1
"13","US","2019-01-01","School Bullying",30,1,2019,1,1
"14","US","2019-03-01","School Bullying",35,1,2019,3,1
"15","US","2019-07-01","School Bullying",15,1,2019,7,1
"16","US","2019-09-01","School Bullying",34,1,2019,9,1
"17","US","2020-01-01","School Bullying",24,1,2020,1,1
"18","US","2020-03-01","School Bullying",29,1,2020,3,1
"19","US","2020-07-01","School Bullying",13,1,2020,7,1
"20","US","2020-09-01","School Bullying",18,1,2020,9,1
"21","US","2021-01-01","School Bullying",16,1,2021,1,1
"22","US","2021-03-01","School Bullying",26,1,2021,3,1
"23","US-AK","2016-01-01","School Bullying",22,1.49406839468857,2016,1,1
"24","US-AK","2016-03-01","School Bullying",21,1.49406839468857,2016,3,1
"25","US-AK","2016-07-01","School Bullying",0,1.49406839468857,2016,7,1
"26","US-AK","2016-09-01","School Bullying",0,1.49406839468857,2016,9,1
"27","US-AK","2017-01-01","School Bullying",21,1.49406839468857,2017,1,1
"28","US-AK","2017-03-01","School Bullying",40,1.49406839468857,2017,3,1
"29","US-AK","2017-07-01","School Bullying",0,1.49406839468857,2017,7,1
"30","US-AK","2017-09-01","School Bullying",21,1.49406839468857,2017,9,1
"31","US-AK","2018-01-01","School Bullying",20,1.49406839468857,2018,1,1
"32","US-AK","2018-03-01","School Bullying",20,1.49406839468857,2018,3,1
"33","US-AK","2018-07-01","School Bullying",0,1.49406839468857,2018,7,1
"34","US-AK","2018-09-01","School Bullying",0,1.49406839468857,2018,9,1
"35","US-AK","2019-01-01","School Bullying",21,1.49406839468857,2019,1,1
"36","US-AK","2019-03-01","School Bullying",0,1.49406839468857,2019,3,1
"37","US-AK","2019-07-01","School Bullying",0,1.49406839468857,2019,7,1
"38","US-AK","2019-09-01","School Bullying",20,1.49406839468857,2019,9,1
"39","US-AK","2020-01-01","School Bullying",20,1.49406839468857,2020,1,1
"40","US-AK","2020-03-01","School Bullying",0,1.49406839468857,2020,3,1
"41","US-AK","2020-07-01","School Bullying",0,1.49406839468857,2020,7,1
"42","US-AK","2020-09-01","School Bullying",0,1.49406839468857,2020,9,1
"43","US-AK","2021-01-01","School Bullying",0,1.49406839468857,2021,1,1
"44","US-AK","2021-03-01","School Bullying",0,1.49406839468857,2021,3,1
"45","US-AL","2016-01-01","School Bullying",32,1.35039407837693,2016,1,1
"46","US-AL","2016-03-01","School Bullying",30,1.35039407837693,2016,3,1
"47","US-AL","2016-07-01","School Bullying",8,1.35039407837693,2016,7,1
"48","US-AL","2016-09-01","School Bullying",23,1.35039407837693,2016,9,1
"49","US-AL","2017-01-01","School Bullying",31,1.35039407837693,2017,1,1
"50","US-AL","2017-03-01","School Bullying",17,1.35039407837693,2017,3,1
"51","US-AL","2017-07-01","School Bullying",19,1.35039407837693,2017,7,1
"52","US-AL","2017-09-01","School Bullying",27,1.35039407837693,2017,9,1
"53","US-AL","2018-01-01","School Bullying",43,1.35039407837693,2018,1,1
"54","US-AL","2018-03-01","School Bullying",41,1.35039407837693,2018,3,1
"55","US-AL","2018-07-01","School Bullying",10,1.35039407837693,2018,7,1
"56","US-AL","2018-09-01","School Bullying",17,1.35039407837693,2018,9,1
"57","US-AL","2019-01-01","School Bullying",13,1.35039407837693,2019,1,1
"58","US-AL","2019-03-01","School Bullying",23,1.35039407837693,2019,3,1
"59","US-AL","2019-07-01","School Bullying",27,1.35039407837693,2019,7,1
"60","US-AL","2019-09-01","School Bullying",43,1.35039407837693,2019,9,1
"61","US-AL","2020-01-01","School Bullying",11,1.35039407837693,2020,1,1
"62","US-AL","2020-03-01","School Bullying",24,1.35039407837693,2020,3,1
"63","US-AL","2020-07-01","School Bullying",14,1.35039407837693,2020,7,1
"64","US-AL","2020-09-01","School Bullying",19,1.35039407837693,2020,9,1
"65","US-AL","2021-01-01","School Bullying",20,1.35039407837693,2021,1,1
"66","US-AL","2021-03-01","School Bullying",16,1.35039407837693,2021,3,1
"67","US-AR","2016-01-01","School Bullying",60,1.44082773792373,2016,1,1
"68","US-AR","2016-03-01","School Bullying",31,1.44082773792373,2016,3,1
"69","US-AR","2016-07-01","School Bullying",0,1.44082773792373,2016,7,1
"70","US-AR","2016-09-01","School Bullying",64,1.44082773792373,2016,9,1
"71","US-AR","2017-01-01","School Bullying",30,1.44082773792373,2017,1,1
"72","US-AR","2017-03-01","School Bullying",11,1.44082773792373,2017,3,1
"73","US-AR","2017-07-01","School Bullying",0,1.44082773792373,2017,7,1
"74","US-AR","2017-09-01","School Bullying",67,1.44082773792373,2017,9,1
"75","US-AR","2018-01-01","School Bullying",42,1.44082773792373,2018,1,1
"76","US-AR","2018-03-01","School Bullying",32,1.44082773792373,2018,3,1
"77","US-AR","2018-07-01","School Bullying",0,1.44082773792373,2018,7,1
"78","US-AR","2018-09-01","School Bullying",11,1.44082773792373,2018,9,1
"79","US-AR","2019-01-01","School Bullying",37,1.44082773792373,2019,1,1
"80","US-AR","2019-03-01","School Bullying",38,1.44082773792373,2019,3,1
"81","US-AR","2019-07-01","School Bullying",0,1.44082773792373,2019,7,1
"82","US-AR","2019-09-01","School Bullying",35,1.44082773792373,2019,9,1
"83","US-AR","2020-01-01","School Bullying",23,1.44082773792373,2020,1,1
"84","US-AR","2020-03-01","School Bullying",26,1.44082773792373,2020,3,1
"85","US-AR","2020-07-01","School Bullying",23,1.44082773792373,2020,7,1
"86","US-AR","2020-09-01","School Bullying",13,1.44082773792373,2020,9,1
"87","US-AR","2021-01-01","School Bullying",10,1.44082773792373,2021,1,1
"88","US-AR","2021-03-01","School Bullying",11,1.44082773792373,2021,3,1
"89","US-AZ","2016-01-01","School Bullying",31,1.32305289702847,2016,1,1
"90","US-AZ","2016-03-01","School Bullying",27,1.32305289702847,2016,3,1
"91","US-AZ","2016-07-01","School Bullying",10,1.32305289702847,2016,7,1
"92","US-AZ","2016-09-01","School Bullying",24,1.32305289702847,2016,9,1
"93","US-AZ","2017-01-01","School Bullying",17,1.32305289702847,2017,1,1
"94","US-AZ","2017-03-01","School Bullying",20,1.32305289702847,2017,3,1
"95","US-AZ","2017-07-01","School Bullying",12,1.32305289702847,2017,7,1
"96","US-AZ","2017-09-01","School Bullying",25,1.32305289702847,2017,9,1
"97","US-AZ","2018-01-01","School Bullying",28,1.32305289702847,2018,1,1
"98","US-AZ","2018-03-01","School Bullying",25,1.32305289702847,2018,3,1
"99","US-AZ","2018-07-01","School Bullying",15,1.32305289702847,2018,7,1
"100","US-AZ","2018-09-01","School Bullying",28,1.32305289702847,2018,9,1
"101","US-AZ","2019-01-01","School Bullying",17,1.32305289702847,2019,1,1
"102","US-AZ","2019-03-01","School Bullying",26,1.32305289702847,2019,3,1
"103","US-AZ","2019-07-01","School Bullying",10,1.32305289702847,2019,7,1
"104","US-AZ","2019-09-01","School Bullying",30,1.32305289702847,2019,9,1
"105","US-AZ","2020-01-01","School Bullying",13,1.32305289702847,2020,1,1
"106","US-AZ","2020-03-01","School Bullying",23,1.32305289702847,2020,3,1
"107","US-AZ","2020-07-01","School Bullying",17,1.32305289702847,2020,7,1
"108","US-AZ","2020-09-01","School Bullying",15,1.32305289702847,2020,9,1
"109","US-AZ","2021-01-01","School Bullying",15,1.32305289702847,2021,1,1
"110","US-AZ","2021-03-01","School Bullying",28,1.32305289702847,2021,3,1
"111","US-CA","2016-01-01","School Bullying",30,1.01260692283466,2016,1,1
"112","US-CA","2016-03-01","School Bullying",38,1.01260692283466,2016,3,1
"113","US-CA","2016-07-01","School Bullying",20,1.01260692283466,2016,7,1
"114","US-CA","2016-09-01","School Bullying",27,1.01260692283466,2016,9,1
"115","US-CA","2017-01-01","School Bullying",34,1.01260692283466,2017,1,1
"116","US-CA","2017-03-01","School Bullying",39,1.01260692283466,2017,3,1
"117","US-CA","2017-07-01","School Bullying",22,1.01260692283466,2017,7,1
"118","US-CA","2017-09-01","School Bullying",34,1.01260692283466,2017,9,1
"119","US-CA","2018-01-01","School Bullying",28,1.01260692283466,2018,1,1
"120","US-CA","2018-03-01","School Bullying",46,1.01260692283466,2018,3,1
"121","US-CA","2018-07-01","School Bullying",22,1.01260692283466,2018,7,1
"122","US-CA","2018-09-01","School Bullying",30,1.01260692283466,2018,9,1
"123","US-CA","2019-01-01","School Bullying",23,1.01260692283466,2019,1,1
"124","US-CA","2019-03-01","School Bullying",31,1.01260692283466,2019,3,1
"125","US-CA","2019-07-01","School Bullying",18,1.01260692283466,2019,7,1
"126","US-CA","2019-09-01","School Bullying",43,1.01260692283466,2019,9,1
"127","US-CA","2020-01-01","School Bullying",23,1.01260692283466,2020,1,1
"128","US-CA","2020-03-01","School Bullying",30,1.01260692283466,2020,3,1
"129","US-CA","2020-07-01","School Bullying",17,1.01260692283466,2020,7,1
"130","US-CA","2020-09-01","School Bullying",19,1.01260692283466,2020,9,1
"131","US-CA","2021-01-01","School Bullying",13,1.01260692283466,2021,1,1
"132","US-CA","2021-03-01","School Bullying",28,1.01260692283466,2021,3,1
"133","US-CO","2016-01-01","School Bullying",33,1.07844801939615,2016,1,1
"134","US-CO","2016-03-01","School Bullying",42,1.07844801939615,2016,3,1
"135","US-CO","2016-07-01","School Bullying",20,1.07844801939615,2016,7,1
"136","US-CO","2016-09-01","School Bullying",29,1.07844801939615,2016,9,1
"137","US-CO","2017-01-01","School Bullying",22,1.07844801939615,2017,1,1
"138","US-CO","2017-03-01","School Bullying",26,1.07844801939615,2017,3,1
"139","US-CO","2017-07-01","School Bullying",6,1.07844801939615,2017,7,1
"140","US-CO","2017-09-01","School Bullying",19,1.07844801939615,2017,9,1
"141","US-CO","2018-01-01","School Bullying",34,1.07844801939615,2018,1,1
"142","US-CO","2018-03-01","School Bullying",32,1.07844801939615,2018,3,1
"143","US-CO","2018-07-01","School Bullying",16,1.07844801939615,2018,7,1
"144","US-CO","2018-09-01","School Bullying",29,1.07844801939615,2018,9,1
"145","US-CO","2019-01-01","School Bullying",30,1.07844801939615,2019,1,1
"146","US-CO","2019-03-01","School Bullying",20,1.07844801939615,2019,3,1
"147","US-CO","2019-07-01","School Bullying",13,1.07844801939615,2019,7,1
"148","US-CO","2019-09-01","School Bullying",25,1.07844801939615,2019,9,1
"149","US-CO","2020-01-01","School Bullying",9,1.07844801939615,2020,1,1
"150","US-CO","2020-03-01","School Bullying",15,1.07844801939615,2020,3,1
"151","US-CO","2020-07-01","School Bullying",9,1.07844801939615,2020,7,1
"152","US-CO","2020-09-01","School Bullying",20,1.07844801939615,2020,9,1
"153","US-CO","2021-01-01","School Bullying",20,1.07844801939615,2021,1,1
"154","US-CO","2021-03-01","School Bullying",6,1.07844801939615,2021,3,1
"155","US-CT","2016-01-01","School Bullying",19,1.33783721302937,2016,1,1
"156","US-CT","2016-03-01","School Bullying",23,1.33783721302937,2016,3,1
"157","US-CT","2016-07-01","School Bullying",12,1.33783721302937,2016,7,1
"158","US-CT","2016-09-01","School Bullying",23,1.33783721302937,2016,9,1
"159","US-CT","2017-01-01","School Bullying",21,1.33783721302937,2017,1,1
"160","US-CT","2017-03-01","School Bullying",47,1.33783721302937,2017,3,1
"161","US-CT","2017-07-01","School Bullying",20,1.33783721302937,2017,7,1
"162","US-CT","2017-09-01","School Bullying",19,1.33783721302937,2017,9,1
"163","US-CT","2018-01-01","School Bullying",30,1.33783721302937,2018,1,1
"164","US-CT","2018-03-01","School Bullying",35,1.33783721302937,2018,3,1
"165","US-CT","2018-07-01","School Bullying",14,1.33783721302937,2018,7,1
"166","US-CT","2018-09-01","School Bullying",28,1.33783721302937,2018,9,1
"167","US-CT","2019-01-01","School Bullying",23,1.33783721302937,2019,1,1
"168","US-CT","2019-03-01","School Bullying",23,1.33783721302937,2019,3,1
"169","US-CT","2019-07-01","School Bullying",7,1.33783721302937,2019,7,1
"170","US-CT","2019-09-01","School Bullying",23,1.33783721302937,2019,9,1
"171","US-CT","2020-01-01","School Bullying",32,1.33783721302937,2020,1,1
"172","US-CT","2020-03-01","School Bullying",29,1.33783721302937,2020,3,1
"173","US-CT","2020-07-01","School Bullying",11,1.33783721302937,2020,7,1
"174","US-CT","2020-09-01","School Bullying",22,1.33783721302937,2020,9,1
"175","US-CT","2021-01-01","School Bullying",15,1.33783721302937,2021,1,1
"176","US-CT","2021-03-01","School Bullying",24,1.33783721302937,2021,3,1
"177","US-DE","2016-01-01","School Bullying",0,1.74673579335073,2016,1,1
"178","US-DE","2016-03-01","School Bullying",28,1.74673579335073,2016,3,1
"179","US-DE","2016-07-01","School Bullying",0,1.74673579335073,2016,7,1
"180","US-DE","2016-09-01","School Bullying",0,1.74673579335073,2016,9,1
"181","US-DE","2017-01-01","School Bullying",25,1.74673579335073,2017,1,1
"182","US-DE","2017-03-01","School Bullying",0,1.74673579335073,2017,3,1
"183","US-DE","2017-07-01","School Bullying",0,1.74673579335073,2017,7,1
"184","US-DE","2017-09-01","School Bullying",12,1.74673579335073,2017,9,1
"185","US-DE","2018-01-01","School Bullying",22,1.74673579335073,2018,1,1
"186","US-DE","2018-03-01","School Bullying",33,1.74673579335073,2018,3,1
"187","US-DE","2018-07-01","School Bullying",11,1.74673579335073,2018,7,1
"188","US-DE","2018-09-01","School Bullying",0,1.74673579335073,2018,9,1
"189","US-DE","2019-01-01","School Bullying",45,1.74673579335073,2019,1,1
"190","US-DE","2019-03-01","School Bullying",22,1.74673579335073,2019,3,1
"191","US-DE","2019-07-01","School Bullying",0,1.74673579335073,2019,7,1
"192","US-DE","2019-09-01","School Bullying",11,1.74673579335073,2019,9,1
"193","US-DE","2020-01-01","School Bullying",10,1.74673579335073,2020,1,1
"194","US-DE","2020-03-01","School Bullying",9,1.74673579335073,2020,3,1
"195","US-DE","2020-07-01","School Bullying",18,1.74673579335073,2020,7,1
"196","US-DE","2020-09-01","School Bullying",0,1.74673579335073,2020,9,1
"197","US-DE","2021-01-01","School Bullying",39,1.74673579335073,2021,1,1
"198","US-DE","2021-03-01","School Bullying",45,1.74673579335073,2021,3,1
"199","US-FL","2016-01-01","School Bullying",31,1.12364669357614,2016,1,1
"200","US-FL","2016-03-01","School Bullying",19,1.12364669357614,2016,3,1
"201","US-FL","2016-07-01","School Bullying",15,1.12364669357614,2016,7,1
"202","US-FL","2016-09-01","School Bullying",40,1.12364669357614,2016,9,1
"203","US-FL","2017-01-01","School Bullying",28,1.12364669357614,2017,1,1
"204","US-FL","2017-03-01","School Bullying",25,1.12364669357614,2017,3,1
"205","US-FL","2017-07-01","School Bullying",19,1.12364669357614,2017,7,1
"206","US-FL","2017-09-01","School Bullying",29,1.12364669357614,2017,9,1
"207","US-FL","2018-01-01","School Bullying",32,1.12364669357614,2018,1,1
"208","US-FL","2018-03-01","School Bullying",41,1.12364669357614,2018,3,1
"209","US-FL","2018-07-01","School Bullying",24,1.12364669357614,2018,7,1
"210","US-FL","2018-09-01","School Bullying",18,1.12364669357614,2018,9,1
"211","US-FL","2019-01-01","School Bullying",23,1.12364669357614,2019,1,1
"212","US-FL","2019-03-01","School Bullying",24,1.12364669357614,2019,3,1
"213","US-FL","2019-07-01","School Bullying",15,1.12364669357614,2019,7,1
"214","US-FL","2019-09-01","School Bullying",31,1.12364669357614,2019,9,1
"215","US-FL","2020-01-01","School Bullying",15,1.12364669357614,2020,1,1
"216","US-FL","2020-03-01","School Bullying",25,1.12364669357614,2020,3,1
"217","US-FL","2020-07-01","School Bullying",9,1.12364669357614,2020,7,1
"218","US-FL","2020-09-01","School Bullying",15,1.12364669357614,2020,9,1
"219","US-FL","2021-01-01","School Bullying",23,1.12364669357614,2021,1,1
"220","US-FL","2021-03-01","School Bullying",26,1.12364669357614,2021,3,1
"221","US-GA","2016-01-01","School Bullying",19,1.03135124681749,2016,1,1
"222","US-GA","2016-03-01","School Bullying",29,1.03135124681749,2016,3,1
"223","US-GA","2016-07-01","School Bullying",17,1.03135124681749,2016,7,1
"224","US-GA","2016-09-01","School Bullying",24,1.03135124681749,2016,9,1
"225","US-GA","2017-01-01","School Bullying",20,1.03135124681749,2017,1,1
"226","US-GA","2017-03-01","School Bullying",29,1.03135124681749,2017,3,1
"227","US-GA","2017-07-01","School Bullying",20,1.03135124681749,2017,7,1
"228","US-GA","2017-09-01","School Bullying",37,1.03135124681749,2017,9,1
"229","US-GA","2018-01-01","School Bullying",30,1.03135124681749,2018,1,1
"230","US-GA","2018-03-01","School Bullying",39,1.03135124681749,2018,3,1
"231","US-GA","2018-07-01","School Bullying",22,1.03135124681749,2018,7,1
"232","US-GA","2018-09-01","School Bullying",21,1.03135124681749,2018,9,1
"233","US-GA","2019-01-01","School Bullying",24,1.03135124681749,2019,1,1
"234","US-GA","2019-03-01","School Bullying",38,1.03135124681749,2019,3,1
"235","US-GA","2019-07-01","School Bullying",13,1.03135124681749,2019,7,1
"236","US-GA","2019-09-01","School Bullying",34,1.03135124681749,2019,9,1
"237","US-GA","2020-01-01","School Bullying",30,1.03135124681749,2020,1,1
"238","US-GA","2020-03-01","School Bullying",37,1.03135124681749,2020,3,1
"239","US-GA","2020-07-01","School Bullying",13,1.03135124681749,2020,7,1
"240","US-GA","2020-09-01","School Bullying",21,1.03135124681749,2020,9,1
"241","US-GA","2021-01-01","School Bullying",13,1.03135124681749,2021,1,1
"242","US-GA","2021-03-01","School Bullying",17,1.03135124681749,2021,3,1
"243","US-HI","2016-01-01","School Bullying",0,1.54360736265065,2016,1,1
"244","US-HI","2016-03-01","School Bullying",19,1.54360736265065,2016,3,1
"245","US-HI","2016-07-01","School Bullying",19,1.54360736265065,2016,7,1
"246","US-HI","2016-09-01","School Bullying",9,1.54360736265065,2016,9,1
"247","US-HI","2017-01-01","School Bullying",0,1.54360736265065,2017,1,1
"248","US-HI","2017-03-01","School Bullying",48,1.54360736265065,2017,3,1
"249","US-HI","2017-07-01","School Bullying",19,1.54360736265065,2017,7,1
"250","US-HI","2017-09-01","School Bullying",17,1.54360736265065,2017,9,1
"251","US-HI","2018-01-01","School Bullying",17,1.54360736265065,2018,1,1
"252","US-HI","2018-03-01","School Bullying",50,1.54360736265065,2018,3,1
"253","US-HI","2018-07-01","School Bullying",0,1.54360736265065,2018,7,1
"254","US-HI","2018-09-01","School Bullying",37,1.54360736265065,2018,9,1
"255","US-HI","2019-01-01","School Bullying",17,1.54360736265065,2019,1,1
"256","US-HI","2019-03-01","School Bullying",0,1.54360736265065,2019,3,1
"257","US-HI","2019-07-01","School Bullying",0,1.54360736265065,2019,7,1
"258","US-HI","2019-09-01","School Bullying",26,1.54360736265065,2019,9,1
"259","US-HI","2020-01-01","School Bullying",24,1.54360736265065,2020,1,1
"260","US-HI","2020-03-01","School Bullying",7,1.54360736265065,2020,3,1
"261","US-HI","2020-07-01","School Bullying",8,1.54360736265065,2020,7,1
"262","US-HI","2020-09-01","School Bullying",15,1.54360736265065,2020,9,1
"263","US-HI","2021-01-01","School Bullying",18,1.54360736265065,2021,1,1
"264","US-HI","2021-03-01","School Bullying",20,1.54360736265065,2021,3,1
"265","US-IA","2016-01-01","School Bullying",33,2.14761264667981,2016,1,1
"266","US-IA","2016-03-01","School Bullying",20,2.14761264667981,2016,3,1
"267","US-IA","2016-07-01","School Bullying",4,2.14761264667981,2016,7,1
"268","US-IA","2016-09-01","School Bullying",14,2.14761264667981,2016,9,1
"269","US-IA","2017-01-01","School Bullying",16,2.14761264667981,2017,1,1
"270","US-IA","2017-03-01","School Bullying",34,2.14761264667981,2017,3,1
"271","US-IA","2017-07-01","School Bullying",4,2.14761264667981,2017,7,1
"272","US-IA","2017-09-01","School Bullying",20,2.14761264667981,2017,9,1
"273","US-IA","2018-01-01","School Bullying",35,2.14761264667981,2018,1,1
"274","US-IA","2018-03-01","School Bullying",24,2.14761264667981,2018,3,1
"275","US-IA","2018-07-01","School Bullying",0,2.14761264667981,2018,7,1
"276","US-IA","2018-09-01","School Bullying",10,2.14761264667981,2018,9,1
"277","US-IA","2019-01-01","School Bullying",9,2.14761264667981,2019,1,1
"278","US-IA","2019-03-01","School Bullying",22,2.14761264667981,2019,3,1
"279","US-IA","2019-07-01","School Bullying",3,2.14761264667981,2019,7,1
"280","US-IA","2019-09-01","School Bullying",26,2.14761264667981,2019,9,1
"281","US-IA","2020-01-01","School Bullying",10,2.14761264667981,2020,1,1
"282","US-IA","2020-03-01","School Bullying",15,2.14761264667981,2020,3,1
"283","US-IA","2020-07-01","School Bullying",11,2.14761264667981,2020,7,1
"284","US-IA","2020-09-01","School Bullying",0,2.14761264667981,2020,9,1
"285","US-IA","2021-01-01","School Bullying",11,2.14761264667981,2021,1,1
"286","US-IA","2021-03-01","School Bullying",12,2.14761264667981,2021,3,1
"287","US-ID","2016-01-01","School Bullying",28,1.61112578823377,2016,1,1
"288","US-ID","2016-03-01","School Bullying",18,1.61112578823377,2016,3,1
"289","US-ID","2016-07-01","School Bullying",10,1.61112578823377,2016,7,1
"290","US-ID","2016-09-01","School Bullying",0,1.61112578823377,2016,9,1
"291","US-ID","2017-01-01","School Bullying",16,1.61112578823377,2017,1,1
"292","US-ID","2017-03-01","School Bullying",15,1.61112578823377,2017,3,1
"293","US-ID","2017-07-01","School Bullying",18,1.61112578823377,2017,7,1
"294","US-ID","2017-09-01","School Bullying",24,1.61112578823377,2017,9,1
"295","US-ID","2018-01-01","School Bullying",37,1.61112578823377,2018,1,1
"296","US-ID","2018-03-01","School Bullying",53,1.61112578823377,2018,3,1
"297","US-ID","2018-07-01","School Bullying",0,1.61112578823377,2018,7,1
"298","US-ID","2018-09-01","School Bullying",24,1.61112578823377,2018,9,1
"299","US-ID","2019-01-01","School Bullying",15,1.61112578823377,2019,1,1
"300","US-ID","2019-03-01","School Bullying",0,1.61112578823377,2019,3,1
"301","US-ID","2019-07-01","School Bullying",8,1.61112578823377,2019,7,1
"302","US-ID","2019-09-01","School Bullying",14,1.61112578823377,2019,9,1
"303","US-ID","2020-01-01","School Bullying",20,1.61112578823377,2020,1,1
"304","US-ID","2020-03-01","School Bullying",18,1.61112578823377,2020,3,1
"305","US-ID","2020-07-01","School Bullying",6,1.61112578823377,2020,7,1
"306","US-ID","2020-09-01","School Bullying",19,1.61112578823377,2020,9,1
"307","US-ID","2021-01-01","School Bullying",0,1.61112578823377,2021,1,1
"308","US-ID","2021-03-01","School Bullying",32,1.61112578823377,2021,3,1
"309","US-IL","2016-01-01","School Bullying",26,1.14212101524178,2016,1,1
"310","US-IL","2016-03-01","School Bullying",30,1.14212101524178,2016,3,1
"311","US-IL","2016-07-01","School Bullying",10,1.14212101524178,2016,7,1
"312","US-IL","2016-09-01","School Bullying",27,1.14212101524178,2016,9,1
"313","US-IL","2017-01-01","School Bullying",38,1.14212101524178,2017,1,1
"314","US-IL","2017-03-01","School Bullying",46,1.14212101524178,2017,3,1
"315","US-IL","2017-07-01","School Bullying",15,1.14212101524178,2017,7,1
"316","US-IL","2017-09-01","School Bullying",38,1.14212101524178,2017,9,1
"317","US-IL","2018-01-01","School Bullying",22,1.14212101524178,2018,1,1
"318","US-IL","2018-03-01","School Bullying",45,1.14212101524178,2018,3,1
"319","US-IL","2018-07-01","School Bullying",11,1.14212101524178,2018,7,1
"320","US-IL","2018-09-01","School Bullying",33,1.14212101524178,2018,9,1
"321","US-IL","2019-01-01","School Bullying",32,1.14212101524178,2019,1,1
"322","US-IL","2019-03-01","School Bullying",33,1.14212101524178,2019,3,1
"323","US-IL","2019-07-01","School Bullying",9,1.14212101524178,2019,7,1
"324","US-IL","2019-09-01","School Bullying",34,1.14212101524178,2019,9,1
"325","US-IL","2020-01-01","School Bullying",27,1.14212101524178,2020,1,1
"326","US-IL","2020-03-01","School Bullying",35,1.14212101524178,2020,3,1
"327","US-IL","2020-07-01","School Bullying",16,1.14212101524178,2020,7,1
"328","US-IL","2020-09-01","School Bullying",12,1.14212101524178,2020,9,1
"329","US-IL","2021-01-01","School Bullying",10,1.14212101524178,2021,1,1
"330","US-IL","2021-03-01","School Bullying",19,1.14212101524178,2021,3,1
"331","US-IN","2016-01-01","School Bullying",22,1.87307133878161,2016,1,1
"332","US-IN","2016-03-01","School Bullying",43,1.87307133878161,2016,3,1
"333","US-IN","2016-07-01","School Bullying",4,1.87307133878161,2016,7,1
"334","US-IN","2016-09-01","School Bullying",36,1.87307133878161,2016,9,1
"335","US-IN","2017-01-01","School Bullying",24,1.87307133878161,2017,1,1
"336","US-IN","2017-03-01","School Bullying",18,1.87307133878161,2017,3,1
"337","US-IN","2017-07-01","School Bullying",10,1.87307133878161,2017,7,1
"338","US-IN","2017-09-01","School Bullying",18,1.87307133878161,2017,9,1
"339","US-IN","2018-01-01","School Bullying",16,1.87307133878161,2018,1,1
"340","US-IN","2018-03-01","School Bullying",36,1.87307133878161,2018,3,1
"341","US-IN","2018-07-01","School Bullying",7,1.87307133878161,2018,7,1
"342","US-IN","2018-09-01","School Bullying",21,1.87307133878161,2018,9,1
"343","US-IN","2019-01-01","School Bullying",14,1.87307133878161,2019,1,1
"344","US-IN","2019-03-01","School Bullying",21,1.87307133878161,2019,3,1
"345","US-IN","2019-07-01","School Bullying",2,1.87307133878161,2019,7,1
"346","US-IN","2019-09-01","School Bullying",18,1.87307133878161,2019,9,1
"347","US-IN","2020-01-01","School Bullying",19,1.87307133878161,2020,1,1
"348","US-IN","2020-03-01","School Bullying",15,1.87307133878161,2020,3,1
"349","US-IN","2020-07-01","School Bullying",10,1.87307133878161,2020,7,1
"350","US-IN","2020-09-01","School Bullying",8,1.87307133878161,2020,9,1
"351","US-IN","2021-01-01","School Bullying",10,1.87307133878161,2021,1,1
"352","US-IN","2021-03-01","School Bullying",15,1.87307133878161,2021,3,1
"353","US-KS","2016-01-01","School Bullying",0,1.15272862732404,2016,1,1
"354","US-KS","2016-03-01","School Bullying",36,1.15272862732404,2016,3,1
"355","US-KS","2016-07-01","School Bullying",15,1.15272862732404,2016,7,1
"356","US-KS","2016-09-01","School Bullying",19,1.15272862732404,2016,9,1
"357","US-KS","2017-01-01","School Bullying",35,1.15272862732404,2017,1,1
"358","US-KS","2017-03-01","School Bullying",51,1.15272862732404,2017,3,1
"359","US-KS","2017-07-01","School Bullying",0,1.15272862732404,2017,7,1
"360","US-KS","2017-09-01","School Bullying",24,1.15272862732404,2017,9,1
"361","US-KS","2018-01-01","School Bullying",18,1.15272862732404,2018,1,1
"362","US-KS","2018-03-01","School Bullying",48,1.15272862732404,2018,3,1
"363","US-KS","2018-07-01","School Bullying",20,1.15272862732404,2018,7,1
"364","US-KS","2018-09-01","School Bullying",13,1.15272862732404,2018,9,1
"365","US-KS","2019-01-01","School Bullying",24,1.15272862732404,2019,1,1
"366","US-KS","2019-03-01","School Bullying",36,1.15272862732404,2019,3,1
"367","US-KS","2019-07-01","School Bullying",7,1.15272862732404,2019,7,1
"368","US-KS","2019-09-01","School Bullying",35,1.15272862732404,2019,9,1
"369","US-KS","2020-01-01","School Bullying",11,1.15272862732404,2020,1,1
"370","US-KS","2020-03-01","School Bullying",36,1.15272862732404,2020,3,1
"371","US-KS","2020-07-01","School Bullying",11,1.15272862732404,2020,7,1
"372","US-KS","2020-09-01","School Bullying",0,1.15272862732404,2020,9,1
"373","US-KS","2021-01-01","School Bullying",0,1.15272862732404,2021,1,1
"374","US-KS","2021-03-01","School Bullying",26,1.15272862732404,2021,3,1
"375","US-KY","2016-01-01","School Bullying",34,1.22555124197156,2016,1,1
"376","US-KY","2016-03-01","School Bullying",42,1.22555124197156,2016,3,1
"377","US-KY","2016-07-01","School Bullying",10,1.22555124197156,2016,7,1
"378","US-KY","2016-09-01","School Bullying",29,1.22555124197156,2016,9,1
"379","US-KY","2017-01-01","School Bullying",25,1.22555124197156,2017,1,1
"380","US-KY","2017-03-01","School Bullying",39,1.22555124197156,2017,3,1
"381","US-KY","2017-07-01","School Bullying",14,1.22555124197156,2017,7,1
"382","US-KY","2017-09-01","School Bullying",17,1.22555124197156,2017,9,1
"383","US-KY","2018-01-01","School Bullying",34,1.22555124197156,2018,1,1
"384","US-KY","2018-03-01","School Bullying",63,1.22555124197156,2018,3,1
"385","US-KY","2018-07-01","School Bullying",12,1.22555124197156,2018,7,1
"386","US-KY","2018-09-01","School Bullying",24,1.22555124197156,2018,9,1
"387","US-KY","2019-01-01","School Bullying",11,1.22555124197156,2019,1,1
"388","US-KY","2019-03-01","School Bullying",27,1.22555124197156,2019,3,1
"389","US-KY","2019-07-01","School Bullying",8,1.22555124197156,2019,7,1
"390","US-KY","2019-09-01","School Bullying",33,1.22555124197156,2019,9,1
"391","US-KY","2020-01-01","School Bullying",26,1.22555124197156,2020,1,1
"392","US-KY","2020-03-01","School Bullying",21,1.22555124197156,2020,3,1
"393","US-KY","2020-07-01","School Bullying",17,1.22555124197156,2020,7,1
"394","US-KY","2020-09-01","School Bullying",13,1.22555124197156,2020,9,1
"395","US-KY","2021-01-01","School Bullying",14,1.22555124197156,2021,1,1
"396","US-KY","2021-03-01","School Bullying",16,1.22555124197156,2021,3,1
"397","US-LA","2016-01-01","School Bullying",37,1.2752978293503,2016,1,1
"398","US-LA","2016-03-01","School Bullying",36,1.2752978293503,2016,3,1
"399","US-LA","2016-07-01","School Bullying",14,1.2752978293503,2016,7,1
"400","US-LA","2016-09-01","School Bullying",31,1.2752978293503,2016,9,1
"401","US-LA","2017-01-01","School Bullying",15,1.2752978293503,2017,1,1
"402","US-LA","2017-03-01","School Bullying",22,1.2752978293503,2017,3,1
"403","US-LA","2017-07-01","School Bullying",22,1.2752978293503,2017,7,1
"404","US-LA","2017-09-01","School Bullying",37,1.2752978293503,2017,9,1
"405","US-LA","2018-01-01","School Bullying",33,1.2752978293503,2018,1,1
"406","US-LA","2018-03-01","School Bullying",40,1.2752978293503,2018,3,1
"407","US-LA","2018-07-01","School Bullying",4,1.2752978293503,2018,7,1
"408","US-LA","2018-09-01","School Bullying",35,1.2752978293503,2018,9,1
"409","US-LA","2019-01-01","School Bullying",7,1.2752978293503,2019,1,1
"410","US-LA","2019-03-01","School Bullying",15,1.2752978293503,2019,3,1
"411","US-LA","2019-07-01","School Bullying",4,1.2752978293503,2019,7,1
"412","US-LA","2019-09-01","School Bullying",18,1.2752978293503,2019,9,1
"413","US-LA","2020-01-01","School Bullying",16,1.2752978293503,2020,1,1
"414","US-LA","2020-03-01","School Bullying",18,1.2752978293503,2020,3,1
"415","US-LA","2020-07-01","School Bullying",3,1.2752978293503,2020,7,1
"416","US-LA","2020-09-01","School Bullying",19,1.2752978293503,2020,9,1
"417","US-LA","2021-01-01","School Bullying",23,1.2752978293503,2021,1,1
"418","US-LA","2021-03-01","School Bullying",19,1.2752978293503,2021,3,1
"419","US-MA","2016-01-01","School Bullying",36,1.01372953480834,2016,1,1
"420","US-MA","2016-03-01","School Bullying",33,1.01372953480834,2016,3,1
"421","US-MA","2016-07-01","School Bullying",14,1.01372953480834,2016,7,1
"422","US-MA","2016-09-01","School Bullying",36,1.01372953480834,2016,9,1
"423","US-MA","2017-01-01","School Bullying",23,1.01372953480834,2017,1,1
"424","US-MA","2017-03-01","School Bullying",38,1.01372953480834,2017,3,1
"425","US-MA","2017-07-01","School Bullying",7,1.01372953480834,2017,7,1
"426","US-MA","2017-09-01","School Bullying",30,1.01372953480834,2017,9,1
"427","US-MA","2018-01-01","School Bullying",27,1.01372953480834,2018,1,1
"428","US-MA","2018-03-01","School Bullying",33,1.01372953480834,2018,3,1
"429","US-MA","2018-07-01","School Bullying",15,1.01372953480834,2018,7,1
"430","US-MA","2018-09-01","School Bullying",23,1.01372953480834,2018,9,1
"431","US-MA","2019-01-01","School Bullying",27,1.01372953480834,2019,1,1
"432","US-MA","2019-03-01","School Bullying",31,1.01372953480834,2019,3,1
"433","US-MA","2019-07-01","School Bullying",7,1.01372953480834,2019,7,1
"434","US-MA","2019-09-01","School Bullying",23,1.01372953480834,2019,9,1
"435","US-MA","2020-01-01","School Bullying",29,1.01372953480834,2020,1,1
"436","US-MA","2020-03-01","School Bullying",18,1.01372953480834,2020,3,1
"437","US-MA","2020-07-01","School Bullying",38,1.01372953480834,2020,7,1
"438","US-MA","2020-09-01","School Bullying",22,1.01372953480834,2020,9,1
"439","US-MA","2021-01-01","School Bullying",13,1.01372953480834,2021,1,1
"440","US-MA","2021-03-01","School Bullying",19,1.01372953480834,2021,3,1
"441","US-MD","2016-01-01","School Bullying",33,1,2016,1,1
"442","US-MD","2016-03-01","School Bullying",35,1,2016,3,1
"443","US-MD","2016-07-01","School Bullying",17,1,2016,7,1
"444","US-MD","2016-09-01","School Bullying",58,1,2016,9,1
"445","US-MD","2017-01-01","School Bullying",21,1,2017,1,1
"446","US-MD","2017-03-01","School Bullying",36,1,2017,3,1
"447","US-MD","2017-07-01","School Bullying",29,1,2017,7,1
"448","US-MD","2017-09-01","School Bullying",25,1,2017,9,1
"449","US-MD","2018-01-01","School Bullying",50,1,2018,1,1
"450","US-MD","2018-03-01","School Bullying",41,1,2018,3,1
"451","US-MD","2018-07-01","School Bullying",24,1,2018,7,1
"452","US-MD","2018-09-01","School Bullying",30,1,2018,9,1
"453","US-MD","2019-01-01","School Bullying",23,1,2019,1,1
"454","US-MD","2019-03-01","School Bullying",31,1,2019,3,1
"455","US-MD","2019-07-01","School Bullying",19,1,2019,7,1
"456","US-MD","2019-09-01","School Bullying",39,1,2019,9,1
"457","US-MD","2020-01-01","School Bullying",30,1,2020,1,1
"458","US-MD","2020-03-01","School Bullying",23,1,2020,3,1
"459","US-MD","2020-07-01","School Bullying",18,1,2020,7,1
"460","US-MD","2020-09-01","School Bullying",16,1,2020,9,1
"461","US-MD","2021-01-01","School Bullying",30,1,2021,1,1
"462","US-MD","2021-03-01","School Bullying",28,1,2021,3,1
"463","US-ME","2016-01-01","School Bullying",12,1.46536381320621,2016,1,1
"464","US-ME","2016-03-01","School Bullying",58,1.46536381320621,2016,3,1
"465","US-ME","2016-07-01","School Bullying",12,1.46536381320621,2016,7,1
"466","US-ME","2016-09-01","School Bullying",23,1.46536381320621,2016,9,1
"467","US-ME","2017-01-01","School Bullying",0,1.46536381320621,2017,1,1
"468","US-ME","2017-03-01","School Bullying",30,1.46536381320621,2017,3,1
"469","US-ME","2017-07-01","School Bullying",11,1.46536381320621,2017,7,1
"470","US-ME","2017-09-01","School Bullying",21,1.46536381320621,2017,9,1
"471","US-ME","2018-01-01","School Bullying",19,1.46536381320621,2018,1,1
"472","US-ME","2018-03-01","School Bullying",29,1.46536381320621,2018,3,1
"473","US-ME","2018-07-01","School Bullying",9,1.46536381320621,2018,7,1
"474","US-ME","2018-09-01","School Bullying",20,1.46536381320621,2018,9,1
"475","US-ME","2019-01-01","School Bullying",39,1.46536381320621,2019,1,1
"476","US-ME","2019-03-01","School Bullying",20,1.46536381320621,2019,3,1
"477","US-ME","2019-07-01","School Bullying",9,1.46536381320621,2019,7,1
"478","US-ME","2019-09-01","School Bullying",46,1.46536381320621,2019,9,1
"479","US-ME","2020-01-01","School Bullying",45,1.46536381320621,2020,1,1
"480","US-ME","2020-03-01","School Bullying",8,1.46536381320621,2020,3,1
"481","US-ME","2020-07-01","School Bullying",0,1.46536381320621,2020,7,1
"482","US-ME","2020-09-01","School Bullying",16,1.46536381320621,2020,9,1
"483","US-ME","2021-01-01","School Bullying",0,1.46536381320621,2021,1,1
"484","US-ME","2021-03-01","School Bullying",11,1.46536381320621,2021,3,1
"485","US-MI","2016-01-01","School Bullying",21,1.30261288154732,2016,1,1
"486","US-MI","2016-03-01","School Bullying",39,1.30261288154732,2016,3,1
"487","US-MI","2016-07-01","School Bullying",13,1.30261288154732,2016,7,1
"488","US-MI","2016-09-01","School Bullying",16,1.30261288154732,2016,9,1
"489","US-MI","2017-01-01","School Bullying",25,1.30261288154732,2017,1,1
"490","US-MI","2017-03-01","School Bullying",24,1.30261288154732,2017,3,1
"491","US-MI","2017-07-01","School Bullying",14,1.30261288154732,2017,7,1
"492","US-MI","2017-09-01","School Bullying",29,1.30261288154732,2017,9,1
"493","US-MI","2018-01-01","School Bullying",19,1.30261288154732,2018,1,1
"494","US-MI","2018-03-01","School Bullying",41,1.30261288154732,2018,3,1
"495","US-MI","2018-07-01","School Bullying",9,1.30261288154732,2018,7,1
"496","US-MI","2018-09-01","School Bullying",12,1.30261288154732,2018,9,1
"497","US-MI","2019-01-01","School Bullying",17,1.30261288154732,2019,1,1
"498","US-MI","2019-03-01","School Bullying",22,1.30261288154732,2019,3,1
"499","US-MI","2019-07-01","School Bullying",10,1.30261288154732,2019,7,1
"500","US-MI","2019-09-01","School Bullying",13,1.30261288154732,2019,9,1
"501","US-MI","2020-01-01","School Bullying",25,1.30261288154732,2020,1,1
"502","US-MI","2020-03-01","School Bullying",16,1.30261288154732,2020,3,1
"503","US-MI","2020-07-01","School Bullying",14,1.30261288154732,2020,7,1
"504","US-MI","2020-09-01","School Bullying",13,1.30261288154732,2020,9,1
"505","US-MI","2021-01-01","School Bullying",11,1.30261288154732,2021,1,1
"506","US-MI","2021-03-01","School Bullying",20,1.30261288154732,2021,3,1
"507","US-MN","2016-01-01","School Bullying",37,1.07622786139359,2016,1,1
"508","US-MN","2016-03-01","School Bullying",39,1.07622786139359,2016,3,1
"509","US-MN","2016-07-01","School Bullying",18,1.07622786139359,2016,7,1
"510","US-MN","2016-09-01","School Bullying",31,1.07622786139359,2016,9,1
"511","US-MN","2017-01-01","School Bullying",57,1.07622786139359,2017,1,1
"512","US-MN","2017-03-01","School Bullying",34,1.07622786139359,2017,3,1
"513","US-MN","2017-07-01","School Bullying",10,1.07622786139359,2017,7,1
"514","US-MN","2017-09-01","School Bullying",36,1.07622786139359,2017,9,1
"515","US-MN","2018-01-01","School Bullying",22,1.07622786139359,2018,1,1
"516","US-MN","2018-03-01","School Bullying",53,1.07622786139359,2018,3,1
"517","US-MN","2018-07-01","School Bullying",9,1.07622786139359,2018,7,1
"518","US-MN","2018-09-01","School Bullying",30,1.07622786139359,2018,9,1
"519","US-MN","2019-01-01","School Bullying",33,1.07622786139359,2019,1,1
"520","US-MN","2019-03-01","School Bullying",20,1.07622786139359,2019,3,1
"521","US-MN","2019-07-01","School Bullying",12,1.07622786139359,2019,7,1
"522","US-MN","2019-09-01","School Bullying",37,1.07622786139359,2019,9,1
"523","US-MN","2020-01-01","School Bullying",29,1.07622786139359,2020,1,1
"524","US-MN","2020-03-01","School Bullying",35,1.07622786139359,2020,3,1
"525","US-MN","2020-07-01","School Bullying",18,1.07622786139359,2020,7,1
"526","US-MN","2020-09-01","School Bullying",13,1.07622786139359,2020,9,1
"527","US-MN","2021-01-01","School Bullying",8,1.07622786139359,2021,1,1
"528","US-MN","2021-03-01","School Bullying",29,1.07622786139359,2021,3,1
"529","US-MO","2016-01-01","School Bullying",48,1,2016,1,1
"530","US-MO","2016-03-01","School Bullying",56,1,2016,3,1
"531","US-MO","2016-07-01","School Bullying",11,1,2016,7,1
"532","US-MO","2016-09-01","School Bullying",50,1,2016,9,1
"533","US-MO","2017-01-01","School Bullying",22,1,2017,1,1
"534","US-MO","2017-03-01","School Bullying",43,1,2017,3,1
"535","US-MO","2017-07-01","School Bullying",18,1,2017,7,1
"536","US-MO","2017-09-01","School Bullying",38,1,2017,9,1
"537","US-MO","2018-01-01","School Bullying",50,1,2018,1,1
"538","US-MO","2018-03-01","School Bullying",73,1,2018,3,1
"539","US-MO","2018-07-01","School Bullying",7,1,2018,7,1
"540","US-MO","2018-09-01","School Bullying",19,1,2018,9,1
"541","US-MO","2019-01-01","School Bullying",12,1,2019,1,1
"542","US-MO","2019-03-01","School Bullying",21,1,2019,3,1
"543","US-MO","2019-07-01","School Bullying",16,1,2019,7,1
"544","US-MO","2019-09-01","School Bullying",40,1,2019,9,1
"545","US-MO","2020-01-01","School Bullying",26,1,2020,1,1
"546","US-MO","2020-03-01","School Bullying",15,1,2020,3,1
"547","US-MO","2020-07-01","School Bullying",14,1,2020,7,1
"548","US-MO","2020-09-01","School Bullying",24,1,2020,9,1
"549","US-MO","2021-01-01","School Bullying",30,1,2021,1,1
"550","US-MO","2021-03-01","School Bullying",10,1,2021,3,1
"551","US-MS","2016-01-01","School Bullying",21,1.5623399544937,2016,1,1
"552","US-MS","2016-03-01","School Bullying",26,1.5623399544937,2016,3,1
"553","US-MS","2016-07-01","School Bullying",7,1.5623399544937,2016,7,1
"554","US-MS","2016-09-01","School Bullying",78,1.5623399544937,2016,9,1
"555","US-MS","2017-01-01","School Bullying",24,1.5623399544937,2017,1,1
"556","US-MS","2017-03-01","School Bullying",17,1.5623399544937,2017,3,1
"557","US-MS","2017-07-01","School Bullying",20,1.5623399544937,2017,7,1
"558","US-MS","2017-09-01","School Bullying",30,1.5623399544937,2017,9,1
"559","US-MS","2018-01-01","School Bullying",27,1.5623399544937,2018,1,1
"560","US-MS","2018-03-01","School Bullying",39,1.5623399544937,2018,3,1
"561","US-MS","2018-07-01","School Bullying",12,1.5623399544937,2018,7,1
"562","US-MS","2018-09-01","School Bullying",17,1.5623399544937,2018,9,1
"563","US-MS","2019-01-01","School Bullying",33,1.5623399544937,2019,1,1
"564","US-MS","2019-03-01","School Bullying",11,1.5623399544937,2019,3,1
"565","US-MS","2019-07-01","School Bullying",0,1.5623399544937,2019,7,1
"566","US-MS","2019-09-01","School Bullying",32,1.5623399544937,2019,9,1
"567","US-MS","2020-01-01","School Bullying",9,1.5623399544937,2020,1,1
"568","US-MS","2020-03-01","School Bullying",27,1.5623399544937,2020,3,1
"569","US-MS","2020-07-01","School Bullying",23,1.5623399544937,2020,7,1
"570","US-MS","2020-09-01","School Bullying",0,1.5623399544937,2020,9,1
"571","US-MS","2021-01-01","School Bullying",19,1.5623399544937,2021,1,1
"572","US-MS","2021-03-01","School Bullying",22,1.5623399544937,2021,3,1
"573","US-MT","2016-01-01","School Bullying",0,1.72444620736641,2016,1,1
"574","US-MT","2016-03-01","School Bullying",15,1.72444620736641,2016,3,1
"575","US-MT","2016-07-01","School Bullying",0,1.72444620736641,2016,7,1
"576","US-MT","2016-09-01","School Bullying",0,1.72444620736641,2016,9,1
"577","US-MT","2017-01-01","School Bullying",26,1.72444620736641,2017,1,1
"578","US-MT","2017-03-01","School Bullying",13,1.72444620736641,2017,3,1
"579","US-MT","2017-07-01","School Bullying",0,1.72444620736641,2017,7,1
"580","US-MT","2017-09-01","School Bullying",0,1.72444620736641,2017,9,1
"581","US-MT","2018-01-01","School Bullying",48,1.72444620736641,2018,1,1
"582","US-MT","2018-03-01","School Bullying",12,1.72444620736641,2018,3,1
"583","US-MT","2018-07-01","School Bullying",0,1.72444620736641,2018,7,1
"584","US-MT","2018-09-01","School Bullying",0,1.72444620736641,2018,9,1
"585","US-MT","2019-01-01","School Bullying",49,1.72444620736641,2019,1,1
"586","US-MT","2019-03-01","School Bullying",0,1.72444620736641,2019,3,1
"587","US-MT","2019-07-01","School Bullying",0,1.72444620736641,2019,7,1
"588","US-MT","2019-09-01","School Bullying",23,1.72444620736641,2019,9,1
"589","US-MT","2020-01-01","School Bullying",11,1.72444620736641,2020,1,1
"590","US-MT","2020-03-01","School Bullying",0,1.72444620736641,2020,3,1
"591","US-MT","2020-07-01","School Bullying",0,1.72444620736641,2020,7,1
"592","US-MT","2020-09-01","School Bullying",29,1.72444620736641,2020,9,1
"593","US-MT","2021-01-01","School Bullying",22,1.72444620736641,2021,1,1
"594","US-MT","2021-03-01","School Bullying",0,1.72444620736641,2021,3,1
"595","US-NC","2016-01-01","School Bullying",27,1.1741460719624,2016,1,1
"596","US-NC","2016-03-01","School Bullying",58,1.1741460719624,2016,3,1
"597","US-NC","2016-07-01","School Bullying",16,1.1741460719624,2016,7,1
"598","US-NC","2016-09-01","School Bullying",37,1.1741460719624,2016,9,1
"599","US-NC","2017-01-01","School Bullying",29,1.1741460719624,2017,1,1
"600","US-NC","2017-03-01","School Bullying",37,1.1741460719624,2017,3,1
"601","US-NC","2017-07-01","School Bullying",17,1.1741460719624,2017,7,1
"602","US-NC","2017-09-01","School Bullying",29,1.1741460719624,2017,9,1
"603","US-NC","2018-01-01","School Bullying",23,1.1741460719624,2018,1,1
"604","US-NC","2018-03-01","School Bullying",32,1.1741460719624,2018,3,1
"605","US-NC","2018-07-01","School Bullying",18,1.1741460719624,2018,7,1
"606","US-NC","2018-09-01","School Bullying",39,1.1741460719624,2018,9,1
"607","US-NC","2019-01-01","School Bullying",26,1.1741460719624,2019,1,1
"608","US-NC","2019-03-01","School Bullying",28,1.1741460719624,2019,3,1
"609","US-NC","2019-07-01","School Bullying",12,1.1741460719624,2019,7,1
"610","US-NC","2019-09-01","School Bullying",31,1.1741460719624,2019,9,1
"611","US-NC","2020-01-01","School Bullying",14,1.1741460719624,2020,1,1
"612","US-NC","2020-03-01","School Bullying",29,1.1741460719624,2020,3,1
"613","US-NC","2020-07-01","School Bullying",14,1.1741460719624,2020,7,1
"614","US-NC","2020-09-01","School Bullying",16,1.1741460719624,2020,9,1
"615","US-NC","2021-01-01","School Bullying",11,1.1741460719624,2021,1,1
"616","US-NC","2021-03-01","School Bullying",16,1.1741460719624,2021,3,1
"617","US-ND","2016-01-01","School Bullying",0,1.62880975387903,2016,1,1
"618","US-ND","2016-03-01","School Bullying",75,1.62880975387903,2016,3,1
"619","US-ND","2016-07-01","School Bullying",0,1.62880975387903,2016,7,1
"620","US-ND","2016-09-01","School Bullying",19,1.62880975387903,2016,9,1
"621","US-ND","2017-01-01","School Bullying",0,1.62880975387903,2017,1,1
"622","US-ND","2017-03-01","School Bullying",34,1.62880975387903,2017,3,1
"623","US-ND","2017-07-01","School Bullying",0,1.62880975387903,2017,7,1
"624","US-ND","2017-09-01","School Bullying",18,1.62880975387903,2017,9,1
"625","US-ND","2018-01-01","School Bullying",16,1.62880975387903,2018,1,1
"626","US-ND","2018-03-01","School Bullying",32,1.62880975387903,2018,3,1
"627","US-ND","2018-07-01","School Bullying",0,1.62880975387903,2018,7,1
"628","US-ND","2018-09-01","School Bullying",0,1.62880975387903,2018,9,1
"629","US-ND","2019-01-01","School Bullying",0,1.62880975387903,2019,1,1
"630","US-ND","2019-03-01","School Bullying",0,1.62880975387903,2019,3,1
"631","US-ND","2019-07-01","School Bullying",0,1.62880975387903,2019,7,1
"632","US-ND","2019-09-01","School Bullying",16,1.62880975387903,2019,9,1
"633","US-ND","2020-01-01","School Bullying",15,1.62880975387903,2020,1,1
"634","US-ND","2020-03-01","School Bullying",13,1.62880975387903,2020,3,1
"635","US-ND","2020-07-01","School Bullying",16,1.62880975387903,2020,7,1
"636","US-ND","2020-09-01","School Bullying",28,1.62880975387903,2020,9,1
"637","US-ND","2021-01-01","School Bullying",15,1.62880975387903,2021,1,1
"638","US-ND","2021-03-01","School Bullying",18,1.62880975387903,2021,3,1
"639","US-NE","2016-01-01","School Bullying",26,1.6901872389001,2016,1,1
"640","US-NE","2016-03-01","School Bullying",33,1.6901872389001,2016,3,1
"641","US-NE","2016-07-01","School Bullying",7,1.6901872389001,2016,7,1
"642","US-NE","2016-09-01","School Bullying",30,1.6901872389001,2016,9,1
"643","US-NE","2017-01-01","School Bullying",28,1.6901872389001,2017,1,1
"644","US-NE","2017-03-01","School Bullying",16,1.6901872389001,2017,3,1
"645","US-NE","2017-07-01","School Bullying",12,1.6901872389001,2017,7,1
"646","US-NE","2017-09-01","School Bullying",6,1.6901872389001,2017,9,1
"647","US-NE","2018-01-01","School Bullying",30,1.6901872389001,2018,1,1
"648","US-NE","2018-03-01","School Bullying",21,1.6901872389001,2018,3,1
"649","US-NE","2018-07-01","School Bullying",6,1.6901872389001,2018,7,1
"650","US-NE","2018-09-01","School Bullying",26,1.6901872389001,2018,9,1
"651","US-NE","2019-01-01","School Bullying",16,1.6901872389001,2019,1,1
"652","US-NE","2019-03-01","School Bullying",16,1.6901872389001,2019,3,1
"653","US-NE","2019-07-01","School Bullying",11,1.6901872389001,2019,7,1
"654","US-NE","2019-09-01","School Bullying",5,1.6901872389001,2019,9,1
"655","US-NE","2020-01-01","School Bullying",14,1.6901872389001,2020,1,1
"656","US-NE","2020-03-01","School Bullying",18,1.6901872389001,2020,3,1
"657","US-NE","2020-07-01","School Bullying",5,1.6901872389001,2020,7,1
"658","US-NE","2020-09-01","School Bullying",38,1.6901872389001,2020,9,1
"659","US-NE","2021-01-01","School Bullying",0,1.6901872389001,2021,1,1
"660","US-NE","2021-03-01","School Bullying",6,1.6901872389001,2021,3,1
"661","US-NH","2016-01-01","School Bullying",8,1.84564905607813,2016,1,1
"662","US-NH","2016-03-01","School Bullying",33,1.84564905607813,2016,3,1
"663","US-NH","2016-07-01","School Bullying",9,1.84564905607813,2016,7,1
"664","US-NH","2016-09-01","School Bullying",17,1.84564905607813,2016,9,1
"665","US-NH","2017-01-01","School Bullying",15,1.84564905607813,2017,1,1
"666","US-NH","2017-03-01","School Bullying",14,1.84564905607813,2017,3,1
"667","US-NH","2017-07-01","School Bullying",40,1.84564905607813,2017,7,1
"668","US-NH","2017-09-01","School Bullying",8,1.84564905607813,2017,9,1
"669","US-NH","2018-01-01","School Bullying",14,1.84564905607813,2018,1,1
"670","US-NH","2018-03-01","School Bullying",55,1.84564905607813,2018,3,1
"671","US-NH","2018-07-01","School Bullying",7,1.84564905607813,2018,7,1
"672","US-NH","2018-09-01","School Bullying",23,1.84564905607813,2018,9,1
"673","US-NH","2019-01-01","School Bullying",28,1.84564905607813,2019,1,1
"674","US-NH","2019-03-01","School Bullying",0,1.84564905607813,2019,3,1
"675","US-NH","2019-07-01","School Bullying",0,1.84564905607813,2019,7,1
"676","US-NH","2019-09-01","School Bullying",28,1.84564905607813,2019,9,1
"677","US-NH","2020-01-01","School Bullying",13,1.84564905607813,2020,1,1
"678","US-NH","2020-03-01","School Bullying",17,1.84564905607813,2020,3,1
"679","US-NH","2020-07-01","School Bullying",6,1.84564905607813,2020,7,1
"680","US-NH","2020-09-01","School Bullying",6,1.84564905607813,2020,9,1
"681","US-NH","2021-01-01","School Bullying",0,1.84564905607813,2021,1,1
"682","US-NH","2021-03-01","School Bullying",38,1.84564905607813,2021,3,1
"683","US-NJ","2016-01-01","School Bullying",26,1.40233950488145,2016,1,1
"684","US-NJ","2016-03-01","School Bullying",39,1.40233950488145,2016,3,1
"685","US-NJ","2016-07-01","School Bullying",22,1.40233950488145,2016,7,1
"686","US-NJ","2016-09-01","School Bullying",29,1.40233950488145,2016,9,1
"687","US-NJ","2017-01-01","School Bullying",35,1.40233950488145,2017,1,1
"688","US-NJ","2017-03-01","School Bullying",39,1.40233950488145,2017,3,1
"689","US-NJ","2017-07-01","School Bullying",11,1.40233950488145,2017,7,1
"690","US-NJ","2017-09-01","School Bullying",26,1.40233950488145,2017,9,1
"691","US-NJ","2018-01-01","School Bullying",28,1.40233950488145,2018,1,1
"692","US-NJ","2018-03-01","School Bullying",29,1.40233950488145,2018,3,1
"693","US-NJ","2018-07-01","School Bullying",19,1.40233950488145,2018,7,1
"694","US-NJ","2018-09-01","School Bullying",38,1.40233950488145,2018,9,1
"695","US-NJ","2019-01-01","School Bullying",25,1.40233950488145,2019,1,1
"696","US-NJ","2019-03-01","School Bullying",23,1.40233950488145,2019,3,1
"697","US-NJ","2019-07-01","School Bullying",15,1.40233950488145,2019,7,1
"698","US-NJ","2019-09-01","School Bullying",30,1.40233950488145,2019,9,1
"699","US-NJ","2020-01-01","School Bullying",20,1.40233950488145,2020,1,1
"700","US-NJ","2020-03-01","School Bullying",26,1.40233950488145,2020,3,1
"701","US-NJ","2020-07-01","School Bullying",12,1.40233950488145,2020,7,1
"702","US-NJ","2020-09-01","School Bullying",17,1.40233950488145,2020,9,1
"703","US-NJ","2021-01-01","School Bullying",10,1.40233950488145,2021,1,1
"704","US-NJ","2021-03-01","School Bullying",23,1.40233950488145,2021,3,1
"705","US-NM","2016-01-01","School Bullying",25,1.50345703072955,2016,1,1
"706","US-NM","2016-03-01","School Bullying",41,1.50345703072955,2016,3,1
"707","US-NM","2016-07-01","School Bullying",9,1.50345703072955,2016,7,1
"708","US-NM","2016-09-01","School Bullying",9,1.50345703072955,2016,9,1
"709","US-NM","2017-01-01","School Bullying",31,1.50345703072955,2017,1,1
"710","US-NM","2017-03-01","School Bullying",23,1.50345703072955,2017,3,1
"711","US-NM","2017-07-01","School Bullying",0,1.50345703072955,2017,7,1
"712","US-NM","2017-09-01","School Bullying",16,1.50345703072955,2017,9,1
"713","US-NM","2018-01-01","School Bullying",27,1.50345703072955,2018,1,1
"714","US-NM","2018-03-01","School Bullying",39,1.50345703072955,2018,3,1
"715","US-NM","2018-07-01","School Bullying",13,1.50345703072955,2018,7,1
"716","US-NM","2018-09-01","School Bullying",41,1.50345703072955,2018,9,1
"717","US-NM","2019-01-01","School Bullying",13,1.50345703072955,2019,1,1
"718","US-NM","2019-03-01","School Bullying",33,1.50345703072955,2019,3,1
"719","US-NM","2019-07-01","School Bullying",13,1.50345703072955,2019,7,1
"720","US-NM","2019-09-01","School Bullying",18,1.50345703072955,2019,9,1
"721","US-NM","2020-01-01","School Bullying",6,1.50345703072955,2020,1,1
"722","US-NM","2020-03-01","School Bullying",16,1.50345703072955,2020,3,1
"723","US-NM","2020-07-01","School Bullying",5,1.50345703072955,2020,7,1
"724","US-NM","2020-09-01","School Bullying",16,1.50345703072955,2020,9,1
"725","US-NM","2021-01-01","School Bullying",12,1.50345703072955,2021,1,1
"726","US-NM","2021-03-01","School Bullying",13,1.50345703072955,2021,3,1
"727","US-NV","2016-01-01","School Bullying",5,1.22687208152769,2016,1,1
"728","US-NV","2016-03-01","School Bullying",40,1.22687208152769,2016,3,1
"729","US-NV","2016-07-01","School Bullying",41,1.22687208152769,2016,7,1
"730","US-NV","2016-09-01","School Bullying",17,1.22687208152769,2016,9,1
"731","US-NV","2017-01-01","School Bullying",34,1.22687208152769,2017,1,1
"732","US-NV","2017-03-01","School Bullying",42,1.22687208152769,2017,3,1
"733","US-NV","2017-07-01","School Bullying",34,1.22687208152769,2017,7,1
"734","US-NV","2017-09-01","School Bullying",17,1.22687208152769,2017,9,1
"735","US-NV","2018-01-01","School Bullying",19,1.22687208152769,2018,1,1
"736","US-NV","2018-03-01","School Bullying",55,1.22687208152769,2018,3,1
"737","US-NV","2018-07-01","School Bullying",5,1.22687208152769,2018,7,1
"738","US-NV","2018-09-01","School Bullying",34,1.22687208152769,2018,9,1
"739","US-NV","2019-01-01","School Bullying",23,1.22687208152769,2019,1,1
"740","US-NV","2019-03-01","School Bullying",52,1.22687208152769,2019,3,1
"741","US-NV","2019-07-01","School Bullying",15,1.22687208152769,2019,7,1
"742","US-NV","2019-09-01","School Bullying",4,1.22687208152769,2019,9,1
"743","US-NV","2020-01-01","School Bullying",4,1.22687208152769,2020,1,1
"744","US-NV","2020-03-01","School Bullying",30,1.22687208152769,2020,3,1
"745","US-NV","2020-07-01","School Bullying",16,1.22687208152769,2020,7,1
"746","US-NV","2020-09-01","School Bullying",8,1.22687208152769,2020,9,1
"747","US-NV","2021-01-01","School Bullying",8,1.22687208152769,2021,1,1
"748","US-NV","2021-03-01","School Bullying",24,1.22687208152769,2021,3,1
"749","US-NY","2016-01-01","School Bullying",32,1,2016,1,1
"750","US-NY","2016-03-01","School Bullying",31,1,2016,3,1
"751","US-NY","2016-07-01","School Bullying",15,1,2016,7,1
"752","US-NY","2016-09-01","School Bullying",26,1,2016,9,1
"753","US-NY","2017-01-01","School Bullying",35,1,2017,1,1
"754","US-NY","2017-03-01","School Bullying",38,1,2017,3,1
"755","US-NY","2017-07-01","School Bullying",18,1,2017,7,1
"756","US-NY","2017-09-01","School Bullying",29,1,2017,9,1
"757","US-NY","2018-01-01","School Bullying",44,1,2018,1,1
"758","US-NY","2018-03-01","School Bullying",44,1,2018,3,1
"759","US-NY","2018-07-01","School Bullying",13,1,2018,7,1
"760","US-NY","2018-09-01","School Bullying",30,1,2018,9,1
"761","US-NY","2019-01-01","School Bullying",33,1,2019,1,1
"762","US-NY","2019-03-01","School Bullying",28,1,2019,3,1
"763","US-NY","2019-07-01","School Bullying",22,1,2019,7,1
"764","US-NY","2019-09-01","School Bullying",32,1,2019,9,1
"765","US-NY","2020-01-01","School Bullying",24,1,2020,1,1
"766","US-NY","2020-03-01","School Bullying",30,1,2020,3,1
"767","US-NY","2020-07-01","School Bullying",17,1,2020,7,1
"768","US-NY","2020-09-01","School Bullying",20,1,2020,9,1
"769","US-NY","2021-01-01","School Bullying",20,1,2021,1,1
"770","US-NY","2021-03-01","School Bullying",22,1,2021,3,1
"771","US-OH","2016-01-01","School Bullying",39,1.1515426341601,2016,1,1
"772","US-OH","2016-03-01","School Bullying",51,1.1515426341601,2016,3,1
"773","US-OH","2016-07-01","School Bullying",13,1.1515426341601,2016,7,1
"774","US-OH","2016-09-01","School Bullying",35,1.1515426341601,2016,9,1
"775","US-OH","2017-01-01","School Bullying",33,1.1515426341601,2017,1,1
"776","US-OH","2017-03-01","School Bullying",48,1.1515426341601,2017,3,1
"777","US-OH","2017-07-01","School Bullying",10,1.1515426341601,2017,7,1
"778","US-OH","2017-09-01","School Bullying",37,1.1515426341601,2017,9,1
"779","US-OH","2018-01-01","School Bullying",31,1.1515426341601,2018,1,1
"780","US-OH","2018-03-01","School Bullying",54,1.1515426341601,2018,3,1
"781","US-OH","2018-07-01","School Bullying",4,1.1515426341601,2018,7,1
"782","US-OH","2018-09-01","School Bullying",26,1.1515426341601,2018,9,1
"783","US-OH","2019-01-01","School Bullying",25,1.1515426341601,2019,1,1
"784","US-OH","2019-03-01","School Bullying",12,1.1515426341601,2019,3,1
"785","US-OH","2019-07-01","School Bullying",8,1.1515426341601,2019,7,1
"786","US-OH","2019-09-01","School Bullying",29,1.1515426341601,2019,9,1
"787","US-OH","2020-01-01","School Bullying",39,1.1515426341601,2020,1,1
"788","US-OH","2020-03-01","School Bullying",25,1.1515426341601,2020,3,1
"789","US-OH","2020-07-01","School Bullying",10,1.1515426341601,2020,7,1
"790","US-OH","2020-09-01","School Bullying",20,1.1515426341601,2020,9,1
"791","US-OH","2021-01-01","School Bullying",19,1.1515426341601,2021,1,1
"792","US-OH","2021-03-01","School Bullying",32,1.1515426341601,2021,3,1
"793","US-OK","2016-01-01","School Bullying",15,1.41413073351733,2016,1,1
"794","US-OK","2016-03-01","School Bullying",15,1.41413073351733,2016,3,1
"795","US-OK","2016-07-01","School Bullying",20,1.41413073351733,2016,7,1
"796","US-OK","2016-09-01","School Bullying",49,1.41413073351733,2016,9,1
"797","US-OK","2017-01-01","School Bullying",26,1.41413073351733,2017,1,1
"798","US-OK","2017-03-01","School Bullying",12,1.41413073351733,2017,3,1
"799","US-OK","2017-07-01","School Bullying",15,1.41413073351733,2017,7,1
"800","US-OK","2017-09-01","School Bullying",22,1.41413073351733,2017,9,1
"801","US-OK","2018-01-01","School Bullying",20,1.41413073351733,2018,1,1
"802","US-OK","2018-03-01","School Bullying",12,1.41413073351733,2018,3,1
"803","US-OK","2018-07-01","School Bullying",4,1.41413073351733,2018,7,1
"804","US-OK","2018-09-01","School Bullying",40,1.41413073351733,2018,9,1
"805","US-OK","2019-01-01","School Bullying",23,1.41413073351733,2019,1,1
"806","US-OK","2019-03-01","School Bullying",11,1.41413073351733,2019,3,1
"807","US-OK","2019-07-01","School Bullying",12,1.41413073351733,2019,7,1
"808","US-OK","2019-09-01","School Bullying",38,1.41413073351733,2019,9,1
"809","US-OK","2020-01-01","School Bullying",14,1.41413073351733,2020,1,1
"810","US-OK","2020-03-01","School Bullying",23,1.41413073351733,2020,3,1
"811","US-OK","2020-07-01","School Bullying",7,1.41413073351733,2020,7,1
"812","US-OK","2020-09-01","School Bullying",13,1.41413073351733,2020,9,1
"813","US-OK","2021-01-01","School Bullying",11,1.41413073351733,2021,1,1
"814","US-OK","2021-03-01","School Bullying",13,1.41413073351733,2021,3,1
"815","US-OR","2016-01-01","School Bullying",44,1,2016,1,1
"816","US-OR","2016-03-01","School Bullying",26,1,2016,3,1
"817","US-OR","2016-07-01","School Bullying",5,1,2016,7,1
"818","US-OR","2016-09-01","School Bullying",24,1,2016,9,1
"819","US-OR","2017-01-01","School Bullying",23,1,2017,1,1
"820","US-OR","2017-03-01","School Bullying",31,1,2017,3,1
"821","US-OR","2017-07-01","School Bullying",8,1,2017,7,1
"822","US-OR","2017-09-01","School Bullying",8,1,2017,9,1
"823","US-OR","2018-01-01","School Bullying",36,1,2018,1,1
"824","US-OR","2018-03-01","School Bullying",33,1,2018,3,1
"825","US-OR","2018-07-01","School Bullying",12,1,2018,7,1
"826","US-OR","2018-09-01","School Bullying",13,1,2018,9,1
"827","US-OR","2019-01-01","School Bullying",12,1,2019,1,1
"828","US-OR","2019-03-01","School Bullying",38,1,2019,3,1
"829","US-OR","2019-07-01","School Bullying",8,1,2019,7,1
"830","US-OR","2019-09-01","School Bullying",28,1,2019,9,1
"831","US-OR","2020-01-01","School Bullying",22,1,2020,1,1
"832","US-OR","2020-03-01","School Bullying",45,1,2020,3,1
"833","US-OR","2020-07-01","School Bullying",7,1,2020,7,1
"834","US-OR","2020-09-01","School Bullying",7,1,2020,9,1
"835","US-OR","2021-01-01","School Bullying",24,1,2021,1,1
"836","US-OR","2021-03-01","School Bullying",28,1,2021,3,1
"837","US-PA","2016-01-01","School Bullying",30,1,2016,1,1
"838","US-PA","2016-03-01","School Bullying",37,1,2016,3,1
"839","US-PA","2016-07-01","School Bullying",14,1,2016,7,1
"840","US-PA","2016-09-01","School Bullying",27,1,2016,9,1
"841","US-PA","2017-01-01","School Bullying",20,1,2017,1,1
"842","US-PA","2017-03-01","School Bullying",35,1,2017,3,1
"843","US-PA","2017-07-01","School Bullying",23,1,2017,7,1
"844","US-PA","2017-09-01","School Bullying",38,1,2017,9,1
"845","US-PA","2018-01-01","School Bullying",37,1,2018,1,1
"846","US-PA","2018-03-01","School Bullying",45,1,2018,3,1
"847","US-PA","2018-07-01","School Bullying",10,1,2018,7,1
"848","US-PA","2018-09-01","School Bullying",19,1,2018,9,1
"849","US-PA","2019-01-01","School Bullying",28,1,2019,1,1
"850","US-PA","2019-03-01","School Bullying",35,1,2019,3,1
"851","US-PA","2019-07-01","School Bullying",9,1,2019,7,1
"852","US-PA","2019-09-01","School Bullying",29,1,2019,9,1
"853","US-PA","2020-01-01","School Bullying",18,1,2020,1,1
"854","US-PA","2020-03-01","School Bullying",29,1,2020,3,1
"855","US-PA","2020-07-01","School Bullying",20,1,2020,7,1
"856","US-PA","2020-09-01","School Bullying",16,1,2020,9,1
"857","US-PA","2021-01-01","School Bullying",18,1,2021,1,1
"858","US-PA","2021-03-01","School Bullying",24,1,2021,3,1
"859","US-RI","2016-01-01","School Bullying",38,1.50972573694615,2016,1,1
"860","US-RI","2016-03-01","School Bullying",48,1.50972573694615,2016,3,1
"861","US-RI","2016-07-01","School Bullying",13,1.50972573694615,2016,7,1
"862","US-RI","2016-09-01","School Bullying",24,1.50972573694615,2016,9,1
"863","US-RI","2017-01-01","School Bullying",20,1.50972573694615,2017,1,1
"864","US-RI","2017-03-01","School Bullying",47,1.50972573694615,2017,3,1
"865","US-RI","2017-07-01","School Bullying",11,1.50972573694615,2017,7,1
"866","US-RI","2017-09-01","School Bullying",0,1.50972573694615,2017,9,1
"867","US-RI","2018-01-01","School Bullying",31,1.50972573694615,2018,1,1
"868","US-RI","2018-03-01","School Bullying",40,1.50972573694615,2018,3,1
"869","US-RI","2018-07-01","School Bullying",11,1.50972573694615,2018,7,1
"870","US-RI","2018-09-01","School Bullying",11,1.50972573694615,2018,9,1
"871","US-RI","2019-01-01","School Bullying",30,1.50972573694615,2019,1,1
"872","US-RI","2019-03-01","School Bullying",60,1.50972573694615,2019,3,1
"873","US-RI","2019-07-01","School Bullying",11,1.50972573694615,2019,7,1
"874","US-RI","2019-09-01","School Bullying",19,1.50972573694615,2019,9,1
"875","US-RI","2020-01-01","School Bullying",0,1.50972573694615,2020,1,1
"876","US-RI","2020-03-01","School Bullying",49,1.50972573694615,2020,3,1
"877","US-RI","2020-07-01","School Bullying",8,1.50972573694615,2020,7,1
"878","US-RI","2020-09-01","School Bullying",8,1.50972573694615,2020,9,1
"879","US-RI","2021-01-01","School Bullying",0,1.50972573694615,2021,1,1
"880","US-RI","2021-03-01","School Bullying",12,1.50972573694615,2021,3,1
"881","US-SC","2016-01-01","School Bullying",22,1.37228128134224,2016,1,1
"882","US-SC","2016-03-01","School Bullying",14,1.37228128134224,2016,3,1
"883","US-SC","2016-07-01","School Bullying",7,1.37228128134224,2016,7,1
"884","US-SC","2016-09-01","School Bullying",31,1.37228128134224,2016,9,1
"885","US-SC","2017-01-01","School Bullying",9,1.37228128134224,2017,1,1
"886","US-SC","2017-03-01","School Bullying",47,1.37228128134224,2017,3,1
"887","US-SC","2017-07-01","School Bullying",20,1.37228128134224,2017,7,1
"888","US-SC","2017-09-01","School Bullying",24,1.37228128134224,2017,9,1
"889","US-SC","2018-01-01","School Bullying",23,1.37228128134224,2018,1,1
"890","US-SC","2018-03-01","School Bullying",37,1.37228128134224,2018,3,1
"891","US-SC","2018-07-01","School Bullying",6,1.37228128134224,2018,7,1
"892","US-SC","2018-09-01","School Bullying",9,1.37228128134224,2018,9,1
"893","US-SC","2019-01-01","School Bullying",20,1.37228128134224,2019,1,1
"894","US-SC","2019-03-01","School Bullying",34,1.37228128134224,2019,3,1
"895","US-SC","2019-07-01","School Bullying",9,1.37228128134224,2019,7,1
"896","US-SC","2019-09-01","School Bullying",46,1.37228128134224,2019,9,1
"897","US-SC","2020-01-01","School Bullying",25,1.37228128134224,2020,1,1
"898","US-SC","2020-03-01","School Bullying",28,1.37228128134224,2020,3,1
"899","US-SC","2020-07-01","School Bullying",12,1.37228128134224,2020,7,1
"900","US-SC","2020-09-01","School Bullying",19,1.37228128134224,2020,9,1
"901","US-SC","2021-01-01","School Bullying",23,1.37228128134224,2021,1,1
"902","US-SC","2021-03-01","School Bullying",23,1.37228128134224,2021,3,1
"903","US-SD","2016-01-01","School Bullying",39,2.06338342724575,2016,1,1
"904","US-SD","2016-03-01","School Bullying",15,2.06338342724575,2016,3,1
"905","US-SD","2016-07-01","School Bullying",0,2.06338342724575,2016,7,1
"906","US-SD","2016-09-01","School Bullying",44,2.06338342724575,2016,9,1
"907","US-SD","2017-01-01","School Bullying",40,2.06338342724575,2017,1,1
"908","US-SD","2017-03-01","School Bullying",25,2.06338342724575,2017,3,1
"909","US-SD","2017-07-01","School Bullying",0,2.06338342724575,2017,7,1
"910","US-SD","2017-09-01","School Bullying",14,2.06338342724575,2017,9,1
"911","US-SD","2018-01-01","School Bullying",12,2.06338342724575,2018,1,1
"912","US-SD","2018-03-01","School Bullying",61,2.06338342724575,2018,3,1
"913","US-SD","2018-07-01","School Bullying",14,2.06338342724575,2018,7,1
"914","US-SD","2018-09-01","School Bullying",13,2.06338342724575,2018,9,1
"915","US-SD","2019-01-01","School Bullying",0,2.06338342724575,2019,1,1
"916","US-SD","2019-03-01","School Bullying",0,2.06338342724575,2019,3,1
"917","US-SD","2019-07-01","School Bullying",0,2.06338342724575,2019,7,1
"918","US-SD","2019-09-01","School Bullying",12,2.06338342724575,2019,9,1
"919","US-SD","2020-01-01","School Bullying",11,2.06338342724575,2020,1,1
"920","US-SD","2020-03-01","School Bullying",10,2.06338342724575,2020,3,1
"921","US-SD","2020-07-01","School Bullying",33,2.06338342724575,2020,7,1
"922","US-SD","2020-09-01","School Bullying",31,2.06338342724575,2020,9,1
"923","US-SD","2021-01-01","School Bullying",0,2.06338342724575,2021,1,1
"924","US-SD","2021-03-01","School Bullying",13,2.06338342724575,2021,3,1
"925","US-TN","2016-01-01","School Bullying",15,1.42624209080709,2016,1,1
"926","US-TN","2016-03-01","School Bullying",21,1.42624209080709,2016,3,1
"927","US-TN","2016-07-01","School Bullying",12,1.42624209080709,2016,7,1
"928","US-TN","2016-09-01","School Bullying",27,1.42624209080709,2016,9,1
"929","US-TN","2017-01-01","School Bullying",20,1.42624209080709,2017,1,1
"930","US-TN","2017-03-01","School Bullying",19,1.42624209080709,2017,3,1
"931","US-TN","2017-07-01","School Bullying",34,1.42624209080709,2017,7,1
"932","US-TN","2017-09-01","School Bullying",20,1.42624209080709,2017,9,1
"933","US-TN","2018-01-01","School Bullying",25,1.42624209080709,2018,1,1
"934","US-TN","2018-03-01","School Bullying",21,1.42624209080709,2018,3,1
"935","US-TN","2018-07-01","School Bullying",16,1.42624209080709,2018,7,1
"936","US-TN","2018-09-01","School Bullying",12,1.42624209080709,2018,9,1
"937","US-TN","2019-01-01","School Bullying",26,1.42624209080709,2019,1,1
"938","US-TN","2019-03-01","School Bullying",21,1.42624209080709,2019,3,1
"939","US-TN","2019-07-01","School Bullying",6,1.42624209080709,2019,7,1
"940","US-TN","2019-09-01","School Bullying",46,1.42624209080709,2019,9,1
"941","US-TN","2020-01-01","School Bullying",8,1.42624209080709,2020,1,1
"942","US-TN","2020-03-01","School Bullying",19,1.42624209080709,2020,3,1
"943","US-TN","2020-07-01","School Bullying",11,1.42624209080709,2020,7,1
"944","US-TN","2020-09-01","School Bullying",8,1.42624209080709,2020,9,1
"945","US-TN","2021-01-01","School Bullying",13,1.42624209080709,2021,1,1
"946","US-TN","2021-03-01","School Bullying",17,1.42624209080709,2021,3,1
"947","US-TX","2016-01-01","School Bullying",33,1.15272862732404,2016,1,1
"948","US-TX","2016-03-01","School Bullying",24,1.15272862732404,2016,3,1
"949","US-TX","2016-07-01","School Bullying",14,1.15272862732404,2016,7,1
"950","US-TX","2016-09-01","School Bullying",35,1.15272862732404,2016,9,1
"951","US-TX","2017-01-01","School Bullying",26,1.15272862732404,2017,1,1
"952","US-TX","2017-03-01","School Bullying",32,1.15272862732404,2017,3,1
"953","US-TX","2017-07-01","School Bullying",11,1.15272862732404,2017,7,1
"954","US-TX","2017-09-01","School Bullying",24,1.15272862732404,2017,9,1
"955","US-TX","2018-01-01","School Bullying",28,1.15272862732404,2018,1,1
"956","US-TX","2018-03-01","School Bullying",36,1.15272862732404,2018,3,1
"957","US-TX","2018-07-01","School Bullying",12,1.15272862732404,2018,7,1
"958","US-TX","2018-09-01","School Bullying",28,1.15272862732404,2018,9,1
"959","US-TX","2019-01-01","School Bullying",27,1.15272862732404,2019,1,1
"960","US-TX","2019-03-01","School Bullying",26,1.15272862732404,2019,3,1
"961","US-TX","2019-07-01","School Bullying",20,1.15272862732404,2019,7,1
"962","US-TX","2019-09-01","School Bullying",39,1.15272862732404,2019,9,1
"963","US-TX","2020-01-01","School Bullying",24,1.15272862732404,2020,1,1
"964","US-TX","2020-03-01","School Bullying",30,1.15272862732404,2020,3,1
"965","US-TX","2020-07-01","School Bullying",10,1.15272862732404,2020,7,1
"966","US-TX","2020-09-01","School Bullying",21,1.15272862732404,2020,9,1
"967","US-TX","2021-01-01","School Bullying",19,1.15272862732404,2021,1,1
"968","US-TX","2021-03-01","School Bullying",29,1.15272862732404,2021,3,1
"969","US-UT","2016-01-01","School Bullying",35,1.1778697750366,2016,1,1
"970","US-UT","2016-03-01","School Bullying",39,1.1778697750366,2016,3,1
"971","US-UT","2016-07-01","School Bullying",25,1.1778697750366,2016,7,1
"972","US-UT","2016-09-01","School Bullying",47,1.1778697750366,2016,9,1
"973","US-UT","2017-01-01","School Bullying",10,1.1778697750366,2017,1,1
"974","US-UT","2017-03-01","School Bullying",25,1.1778697750366,2017,3,1
"975","US-UT","2017-07-01","School Bullying",6,1.1778697750366,2017,7,1
"976","US-UT","2017-09-01","School Bullying",48,1.1778697750366,2017,9,1
"977","US-UT","2018-01-01","School Bullying",14,1.1778697750366,2018,1,1
"978","US-UT","2018-03-01","School Bullying",53,1.1778697750366,2018,3,1
"979","US-UT","2018-07-01","School Bullying",5,1.1778697750366,2018,7,1
"980","US-UT","2018-09-01","School Bullying",30,1.1778697750366,2018,9,1
"981","US-UT","2019-01-01","School Bullying",28,1.1778697750366,2019,1,1
"982","US-UT","2019-03-01","School Bullying",43,1.1778697750366,2019,3,1
"983","US-UT","2019-07-01","School Bullying",10,1.1778697750366,2019,7,1
"984","US-UT","2019-09-01","School Bullying",14,1.1778697750366,2019,9,1
"985","US-UT","2020-01-01","School Bullying",8,1.1778697750366,2020,1,1
"986","US-UT","2020-03-01","School Bullying",11,1.1778697750366,2020,3,1
"987","US-UT","2020-07-01","School Bullying",8,1.1778697750366,2020,7,1
"988","US-UT","2020-09-01","School Bullying",20,1.1778697750366,2020,9,1
"989","US-UT","2021-01-01","School Bullying",4,1.1778697750366,2021,1,1
"990","US-UT","2021-03-01","School Bullying",20,1.1778697750366,2021,3,1
"991","US-VA","2016-01-01","School Bullying",20,1.17543502647061,2016,1,1
"992","US-VA","2016-03-01","School Bullying",23,1.17543502647061,2016,3,1
"993","US-VA","2016-07-01","School Bullying",16,1.17543502647061,2016,7,1
"994","US-VA","2016-09-01","School Bullying",25,1.17543502647061,2016,9,1
"995","US-VA","2017-01-01","School Bullying",24,1.17543502647061,2017,1,1
"996","US-VA","2017-03-01","School Bullying",36,1.17543502647061,2017,3,1
"997","US-VA","2017-07-01","School Bullying",11,1.17543502647061,2017,7,1
"998","US-VA","2017-09-01","School Bullying",15,1.17543502647061,2017,9,1
"999","US-VA","2018-01-01","School Bullying",29,1.17543502647061,2018,1,1
"1000","US-VA","2018-03-01","School Bullying",41,1.17543502647061,2018,3,1
"1001","US-VA","2018-07-01","School Bullying",13,1.17543502647061,2018,7,1
"1002","US-VA","2018-09-01","School Bullying",20,1.17543502647061,2018,9,1
"1003","US-VA","2019-01-01","School Bullying",29,1.17543502647061,2019,1,1
"1004","US-VA","2019-03-01","School Bullying",37,1.17543502647061,2019,3,1
"1005","US-VA","2019-07-01","School Bullying",10,1.17543502647061,2019,7,1
"1006","US-VA","2019-09-01","School Bullying",42,1.17543502647061,2019,9,1
"1007","US-VA","2020-01-01","School Bullying",23,1.17543502647061,2020,1,1
"1008","US-VA","2020-03-01","School Bullying",24,1.17543502647061,2020,3,1
"1009","US-VA","2020-07-01","School Bullying",14,1.17543502647061,2020,7,1
"1010","US-VA","2020-09-01","School Bullying",23,1.17543502647061,2020,9,1
"1011","US-VA","2021-01-01","School Bullying",14,1.17543502647061,2021,1,1
"1012","US-VA","2021-03-01","School Bullying",26,1.17543502647061,2021,3,1
"1013","US-VT","2016-01-01","School Bullying",0,1.27325507437771,2016,1,1
"1014","US-VT","2016-03-01","School Bullying",75,1.27325507437771,2016,3,1
"1015","US-VT","2016-07-01","School Bullying",0,1.27325507437771,2016,7,1
"1016","US-VT","2016-09-01","School Bullying",0,1.27325507437771,2016,9,1
"1017","US-VT","2017-01-01","School Bullying",48,1.27325507437771,2017,1,1
"1018","US-VT","2017-03-01","School Bullying",23,1.27325507437771,2017,3,1
"1019","US-VT","2017-07-01","School Bullying",0,1.27325507437771,2017,7,1
"1020","US-VT","2017-09-01","School Bullying",0,1.27325507437771,2017,9,1
"1021","US-VT","2018-01-01","School Bullying",43,1.27325507437771,2018,1,1
"1022","US-VT","2018-03-01","School Bullying",44,1.27325507437771,2018,3,1
"1023","US-VT","2018-07-01","School Bullying",0,1.27325507437771,2018,7,1
"1024","US-VT","2018-09-01","School Bullying",0,1.27325507437771,2018,9,1
"1025","US-VT","2019-01-01","School Bullying",0,1.27325507437771,2019,1,1
"1026","US-VT","2019-03-01","School Bullying",0,1.27325507437771,2019,3,1
"1027","US-VT","2019-07-01","School Bullying",100,1.27325507437771,2019,7,1
"1028","US-VT","2019-09-01","School Bullying",92,1.27325507437771,2019,9,1
"1029","US-VT","2020-01-01","School Bullying",0,1.27325507437771,2020,1,1
"1030","US-VT","2020-03-01","School Bullying",38,1.27325507437771,2020,3,1
"1031","US-VT","2020-07-01","School Bullying",0,1.27325507437771,2020,7,1
"1032","US-VT","2020-09-01","School Bullying",0,1.27325507437771,2020,9,1
"1033","US-VT","2021-01-01","School Bullying",0,1.27325507437771,2021,1,1
"1034","US-VT","2021-03-01","School Bullying",0,1.27325507437771,2021,3,1
"1035","US-WA","2016-01-01","School Bullying",32,1.02528296031861,2016,1,1
"1036","US-WA","2016-03-01","School Bullying",38,1.02528296031861,2016,3,1
"1037","US-WA","2016-07-01","School Bullying",16,1.02528296031861,2016,7,1
"1038","US-WA","2016-09-01","School Bullying",26,1.02528296031861,2016,9,1
"1039","US-WA","2017-01-01","School Bullying",13,1.02528296031861,2017,1,1
"1040","US-WA","2017-03-01","School Bullying",32,1.02528296031861,2017,3,1
"1041","US-WA","2017-07-01","School Bullying",27,1.02528296031861,2017,7,1
"1042","US-WA","2017-09-01","School Bullying",25,1.02528296031861,2017,9,1
"1043","US-WA","2018-01-01","School Bullying",21,1.02528296031861,2018,1,1
"1044","US-WA","2018-03-01","School Bullying",44,1.02528296031861,2018,3,1
"1045","US-WA","2018-07-01","School Bullying",9,1.02528296031861,2018,7,1
"1046","US-WA","2018-09-01","School Bullying",16,1.02528296031861,2018,9,1
"1047","US-WA","2019-01-01","School Bullying",29,1.02528296031861,2019,1,1
"1048","US-WA","2019-03-01","School Bullying",33,1.02528296031861,2019,3,1
"1049","US-WA","2019-07-01","School Bullying",8,1.02528296031861,2019,7,1
"1050","US-WA","2019-09-01","School Bullying",35,1.02528296031861,2019,9,1
"1051","US-WA","2020-01-01","School Bullying",25,1.02528296031861,2020,1,1
"1052","US-WA","2020-03-01","School Bullying",21,1.02528296031861,2020,3,1
"1053","US-WA","2020-07-01","School Bullying",11,1.02528296031861,2020,7,1
"1054","US-WA","2020-09-01","School Bullying",24,1.02528296031861,2020,9,1
"1055","US-WA","2021-01-01","School Bullying",2,1.02528296031861,2021,1,1
"1056","US-WA","2021-03-01","School Bullying",19,1.02528296031861,2021,3,1
"1057","US-WI","2016-01-01","School Bullying",10,1.09210642723884,2016,1,1
"1058","US-WI","2016-03-01","School Bullying",51,1.09210642723884,2016,3,1
"1059","US-WI","2016-07-01","School Bullying",19,1.09210642723884,2016,7,1
"1060","US-WI","2016-09-01","School Bullying",25,1.09210642723884,2016,9,1
"1061","US-WI","2017-01-01","School Bullying",29,1.09210642723884,2017,1,1
"1062","US-WI","2017-03-01","School Bullying",66,1.09210642723884,2017,3,1
"1063","US-WI","2017-07-01","School Bullying",18,1.09210642723884,2017,7,1
"1064","US-WI","2017-09-01","School Bullying",29,1.09210642723884,2017,9,1
"1065","US-WI","2018-01-01","School Bullying",40,1.09210642723884,2018,1,1
"1066","US-WI","2018-03-01","School Bullying",49,1.09210642723884,2018,3,1
"1067","US-WI","2018-07-01","School Bullying",12,1.09210642723884,2018,7,1
"1068","US-WI","2018-09-01","School Bullying",17,1.09210642723884,2018,9,1
"1069","US-WI","2019-01-01","School Bullying",42,1.09210642723884,2019,1,1
"1070","US-WI","2019-03-01","School Bullying",34,1.09210642723884,2019,3,1
"1071","US-WI","2019-07-01","School Bullying",15,1.09210642723884,2019,7,1
"1072","US-WI","2019-09-01","School Bullying",27,1.09210642723884,2019,9,1
"1073","US-WI","2020-01-01","School Bullying",18,1.09210642723884,2020,1,1
"1074","US-WI","2020-03-01","School Bullying",18,1.09210642723884,2020,3,1
"1075","US-WI","2020-07-01","School Bullying",15,1.09210642723884,2020,7,1
"1076","US-WI","2020-09-01","School Bullying",19,1.09210642723884,2020,9,1
"1077","US-WI","2021-01-01","School Bullying",16,1.09210642723884,2021,1,1
"1078","US-WI","2021-03-01","School Bullying",19,1.09210642723884,2021,3,1
"1079","US-WV","2016-01-01","School Bullying",5,3.16694142688725,2016,1,1
"1080","US-WV","2016-03-01","School Bullying",10,3.16694142688725,2016,3,1
"1081","US-WV","2016-07-01","School Bullying",6,3.16694142688725,2016,7,1
"1082","US-WV","2016-09-01","School Bullying",0,3.16694142688725,2016,9,1
"1083","US-WV","2017-01-01","School Bullying",14,3.16694142688725,2017,1,1
"1084","US-WV","2017-03-01","School Bullying",13,3.16694142688725,2017,3,1
"1085","US-WV","2017-07-01","School Bullying",16,3.16694142688725,2017,7,1
"1086","US-WV","2017-09-01","School Bullying",19,3.16694142688725,2017,9,1
"1087","US-WV","2018-01-01","School Bullying",17,3.16694142688725,2018,1,1
"1088","US-WV","2018-03-01","School Bullying",17,3.16694142688725,2018,3,1
"1089","US-WV","2018-07-01","School Bullying",0,3.16694142688725,2018,7,1
"1090","US-WV","2018-09-01","School Bullying",18,3.16694142688725,2018,9,1
"1091","US-WV","2019-01-01","School Bullying",13,3.16694142688725,2019,1,1
"1092","US-WV","2019-03-01","School Bullying",13,3.16694142688725,2019,3,1
"1093","US-WV","2019-07-01","School Bullying",14,3.16694142688725,2019,7,1
"1094","US-WV","2019-09-01","School Bullying",9,3.16694142688725,2019,9,1
"1095","US-WV","2020-01-01","School Bullying",7,3.16694142688725,2020,1,1
"1096","US-WV","2020-03-01","School Bullying",18,3.16694142688725,2020,3,1
"1097","US-WV","2020-07-01","School Bullying",4,3.16694142688725,2020,7,1
"1098","US-WV","2020-09-01","School Bullying",11,3.16694142688725,2020,9,1
"1099","US-WV","2021-01-01","School Bullying",4,3.16694142688725,2021,1,1
"1100","US-WV","2021-03-01","School Bullying",8,3.16694142688725,2021,3,1
"1101","US-WY","2016-01-01","School Bullying",0,2.05008925014443,2016,1,1
"1102","US-WY","2016-03-01","School Bullying",45,2.05008925014443,2016,3,1
"1103","US-WY","2016-07-01","School Bullying",0,2.05008925014443,2016,7,1
"1104","US-WY","2016-09-01","School Bullying",0,2.05008925014443,2016,9,1
"1105","US-WY","2017-01-01","School Bullying",21,2.05008925014443,2017,1,1
"1106","US-WY","2017-03-01","School Bullying",0,2.05008925014443,2017,3,1
"1107","US-WY","2017-07-01","School Bullying",20,2.05008925014443,2017,7,1
"1108","US-WY","2017-09-01","School Bullying",0,2.05008925014443,2017,9,1
"1109","US-WY","2018-01-01","School Bullying",19,2.05008925014443,2018,1,1
"1110","US-WY","2018-03-01","School Bullying",38,2.05008925014443,2018,3,1
"1111","US-WY","2018-07-01","School Bullying",0,2.05008925014443,2018,7,1
"1112","US-WY","2018-09-01","School Bullying",0,2.05008925014443,2018,9,1
"1113","US-WY","2019-01-01","School Bullying",19,2.05008925014443,2019,1,1
"1114","US-WY","2019-03-01","School Bullying",19,2.05008925014443,2019,3,1
"1115","US-WY","2019-07-01","School Bullying",0,2.05008925014443,2019,7,1
"1116","US-WY","2019-09-01","School Bullying",18,2.05008925014443,2019,9,1
"1117","US-WY","2020-01-01","School Bullying",17,2.05008925014443,2020,1,1
"1118","US-WY","2020-03-01","School Bullying",0,2.05008925014443,2020,3,1
"1119","US-WY","2020-07-01","School Bullying",0,2.05008925014443,2020,7,1
"1120","US-WY","2020-09-01","School Bullying",0,2.05008925014443,2020,9,1
"1121","US-WY","2021-01-01","School Bullying",0,2.05008925014443,2021,1,1
"1122","US-WY","2021-03-01","School Bullying",0,2.05008925014443,2021,3,1
